Date,Recorder,FileName,Chamber,Notes,file,incapacitation,Rvar,date,group,chamber,rep,genotype,cross
2021-06-16,Camille,2021-06-16_RNAi-35027.3954-1_group1,20,NA,2021-06-16_RNAi-35027.3954-1_group1_20,99.617,4046.498906097949,2021-06-16,group1,20,1,35027,3954
2021-06-16,Camille,2021-06-16_RNAi-35027.3954-1_group1,21,NA,2021-06-16_RNAi-35027.3954-1_group1_21,67.998,9702.52298848133,2021-06-16,group1,21,1,35027,3954
2021-06-16,Camille,2021-06-16_RNAi-35027.3954-1_group1,22,NA,2021-06-16_RNAi-35027.3954-1_group1_22,72.455,16593.43628218596,2021-06-16,group1,22,1,35027,3954
2021-06-16,Camille,2021-06-16_RNAi-35027.3954-1_group1,23,NA,2021-06-16_RNAi-35027.3954-1_group1_23,74.258,10705.908514853241,2021-06-16,group1,23,1,35027,3954
2021-06-16,Camille,2021-06-16_RNAi-35027.3954-1_group1,24,NA,2021-06-16_RNAi-35027.3954-1_group1_24,46.48,20455.43440813446,2021-06-16,group1,24,1,35027,3954
2021-06-16,Camille,2021-06-16_RNAi-35027.3954-1_group1,26,NA,2021-06-16_RNAi-35027.3954-1_group1_26,45.456,7080.358595807185,2021-06-16,group1,26,1,35027,3954
2021-06-16,Camille,2021-06-16_RNAi-35027.3954-1_group1,27,NA,2021-06-16_RNAi-35027.3954-1_group1_27,80.918,77.46724909647432,2021-06-16,group1,27,1,35027,3954
2021-06-16,Camille,2021-06-16_RNAi-35027.3954-1_group1,28,NA,2021-06-16_RNAi-35027.3954-1_group1_28,43.09,15093.104420260448,2021-06-16,group1,28,1,35027,3954
2021-06-16,Camille,2021-06-16_RNAi-35027.3954-1_group1,29,NA,2021-06-16_RNAi-35027.3954-1_group1_29,70.062,2258.109057923595,2021-06-16,group1,29,1,35027,3954
2021-06-16,Camille,2021-06-16_RNAi-35027.3954-1_group1,30,NA,2021-06-16_RNAi-35027.3954-1_group1_30,62.362,9611.048428707505,2021-06-16,group1,30,1,35027,3954
2021-06-16,Camille,2021-06-16_RNAi-50656.25750-1_group1,20,NA,2021-06-16_RNAi-50656.25750-1_group1_20,18.646,854.8397302562859,2021-06-16,group1,20,1,50656,25750
2021-06-16,Camille,2021-06-16_RNAi-50656.25750-1_group1,21,NA,2021-06-16_RNAi-50656.25750-1_group1_21,22.451,243.73898154686904,2021-06-16,group1,21,1,50656,25750
2021-06-16,Camille,2021-06-16_RNAi-50656.25750-1_group1,22,NA,2021-06-16_RNAi-50656.25750-1_group1_22,28.723,962.4777768897757,2021-06-16,group1,22,1,50656,25750
2021-06-16,Camille,2021-06-16_RNAi-50656.25750-1_group1,23,NA,2021-06-16_RNAi-50656.25750-1_group1_23,24.738,9358.908101653002,2021-06-16,group1,23,1,50656,25750
2021-06-16,Camille,2021-06-16_RNAi-50656.25750-1_group1,24,NA,2021-06-16_RNAi-50656.25750-1_group1_24,20.268,1764.91734819606,2021-06-16,group1,24,1,50656,25750
2021-06-16,Camille,2021-06-16_RNAi-50656.25750-1_group1,26,NA,2021-06-16_RNAi-50656.25750-1_group1_26,24.738,2866.4500556195403,2021-06-16,group1,26,1,50656,25750
2021-06-16,Camille,2021-06-16_RNAi-50656.25750-1_group1,27,NA,2021-06-16_RNAi-50656.25750-1_group1_27,19.666,284.31668163855926,2021-06-16,group1,27,1,50656,25750
2021-06-16,Camille,2021-06-16_RNAi-50656.25750-1_group1,28,NA,2021-06-16_RNAi-50656.25750-1_group1_28,21.962,1325.8661284816146,2021-06-16,group1,28,1,50656,25750
2021-06-16,Camille,2021-06-16_RNAi-50656.25750-1_group1,29,NA,2021-06-16_RNAi-50656.25750-1_group1_29,15.917,933.0763270967606,2021-06-16,group1,29,1,50656,25750
2021-06-16,Camille,2021-06-16_RNAi-50656.25750-1_group1,30,NA,2021-06-16_RNAi-50656.25750-1_group1_30,11.528,2916.563265718286,2021-06-16,group1,30,1,50656,25750
2021-06-16,Camille,2021-06-16_RNAi-36304-1_group1,20,NA,2021-06-16_RNAi-36304-1_group1_20,61.686,15915.068038625554,2021-06-16,group1,20,1,36304,
2021-06-16,Camille,2021-06-16_RNAi-36304-1_group1,21,NA,2021-06-16_RNAi-36304-1_group1_21,54.239,58.984071517996725,2021-06-16,group1,21,1,36304,
2021-06-16,Camille,2021-06-16_RNAi-36304-1_group1,22,NA,2021-06-16_RNAi-36304-1_group1_22,47.954,5534.594965727766,2021-06-16,group1,22,1,36304,
2021-06-16,Camille,2021-06-16_RNAi-36304-1_group1,23,NA,2021-06-16_RNAi-36304-1_group1_23,87.377,15316.730739765824,2021-06-16,group1,23,1,36304,
2021-06-16,Camille,2021-06-16_RNAi-36304-1_group1,24,NA,2021-06-16_RNAi-36304-1_group1_24,41.546,6410.229939517309,2021-06-16,group1,24,1,36304,
2021-06-16,Camille,2021-06-16_RNAi-36304-1_group1,26,NA,2021-06-16_RNAi-36304-1_group1_26,44.785,7094.656944905869,2021-06-16,group1,26,1,36304,
2021-06-16,Camille,2021-06-16_RNAi-36304-1_group1,27,NA,2021-06-16_RNAi-36304-1_group1_27,44.301,5290.091024842324,2021-06-16,group1,27,1,36304,
2021-06-16,Camille,2021-06-16_RNAi-36304-1_group1,28,NA,2021-06-16_RNAi-36304-1_group1_28,54.719,14506.627899962154,2021-06-16,group1,28,1,36304,
2021-06-16,Camille,2021-06-16_RNAi-36304-1_group1,29,NA,2021-06-16_RNAi-36304-1_group1_29,44.785,10543.907357539847,2021-06-16,group1,29,1,36304,
2021-06-16,Camille,2021-06-16_RNAi-36304-1_group1,30,NA,2021-06-16_RNAi-36304-1_group1_30,47.372,9183.077965352946,2021-06-16,group1,30,1,36304,
2021-06-17,Camille,2021-06-17_RNAi-51411.3954-1_group1,20,NA,2021-06-17_RNAi-51411.3954-1_group1_20,67.261,2633.915013102361,2021-06-17,group1,20,1,51411,3954
2021-06-17,Camille,2021-06-17_RNAi-51411.3954-1_group1,21,NA,2021-06-17_RNAi-51411.3954-1_group1_21,52.669,10808.408290625697,2021-06-17,group1,21,1,51411,3954
2021-06-17,Camille,2021-06-17_RNAi-51411.3954-1_group1,22,NA,2021-06-17_RNAi-51411.3954-1_group1_22,56.627,14240.872486927137,2021-06-17,group1,22,1,51411,3954
2021-06-17,Camille,2021-06-17_RNAi-51411.3954-1_group1,23,NA,2021-06-17_RNAi-51411.3954-1_group1_23,171.977,29.85601289584136,2021-06-17,group1,23,1,51411,3954
2021-06-17,Camille,2021-06-17_RNAi-51411.3954-1_group1,24,NA,2021-06-17_RNAi-51411.3954-1_group1_24,52.669,2872.4782830672502,2021-06-17,group1,24,1,51411,3954
2021-06-17,Camille,2021-06-17_RNAi-51411.3954-1_group1,26,NA,2021-06-17_RNAi-51411.3954-1_group1_26,42.503,1965.1735504385426,2021-06-17,group1,26,1,51411,3954
2021-06-17,Camille,2021-06-17_RNAi-51411.3954-1_group1,27,NA,2021-06-17_RNAi-51411.3954-1_group1_27,60.448,10533.791593175292,2021-06-17,group1,27,1,51411,3954
2021-06-17,Camille,2021-06-17_RNAi-51411.3954-1_group1,28,NA,2021-06-17_RNAi-51411.3954-1_group1_28,44.604,20860.902826321315,2021-06-17,group1,28,1,51411,3954
2021-06-17,Camille,2021-06-17_RNAi-51411.3954-1_group1,29,NA,2021-06-17_RNAi-51411.3954-1_group1_29,44.604,15315.928813236074,2021-06-17,group1,29,1,51411,3954
2021-06-17,Camille,2021-06-17_RNAi-51411.3954-1_group1,30,NA,2021-06-17_RNAi-51411.3954-1_group1_30,42.503,6434.776520650323,2021-06-17,group1,30,1,51411,3954
2021-06-17,Camille,2021-06-17_RNAi-51411.25750-1_group1,20,NA,2021-06-17_RNAi-51411.25750-1_group1_20,52.027,1308.2438248472354,2021-06-17,group1,20,1,51411,25750
2021-06-17,Camille,2021-06-17_RNAi-51411.25750-1_group1,21,NA,2021-06-17_RNAi-51411.25750-1_group1_21,76.783,11287.937978622585,2021-06-17,group1,21,1,51411,25750
2021-06-17,Camille,2021-06-17_RNAi-51411.25750-1_group1,22,NA,2021-06-17_RNAi-51411.25750-1_group1_22,31.849,3408.8066716692188,2021-06-17,group1,22,1,51411,25750
2021-06-17,Camille,2021-06-17_RNAi-51411.25750-1_group1,23,NA,2021-06-17_RNAi-51411.25750-1_group1_23,87.605,26.1288673855246,2021-06-17,group1,23,1,51411,25750
2021-06-17,Camille,2021-06-17_RNAi-51411.25750-1_group1,24,NA,2021-06-17_RNAi-51411.25750-1_group1_24,66.359,1707.516984009729,2021-06-17,group1,24,1,51411,25750
2021-06-17,Camille,2021-06-17_RNAi-51411.25750-1_group1,26,NA,2021-06-17_RNAi-51411.25750-1_group1_26,80.986,94.89258506329877,2021-06-17,group1,26,1,51411,25750
2021-06-17,Camille,2021-06-17_RNAi-51411.25750-1_group1,27,NA,2021-06-17_RNAi-51411.25750-1_group1_27,53.229,2669.8813151027634,2021-06-17,group1,27,1,51411,25750
2021-06-17,Camille,2021-06-17_RNAi-51411.25750-1_group1,28,NA,2021-06-17_RNAi-51411.25750-1_group1_28,102.819,2874.5601955880256,2021-06-17,group1,28,1,51411,25750
2021-06-17,Camille,2021-06-17_RNAi-51411.25750-1_group1,29,NA,2021-06-17_RNAi-51411.25750-1_group1_29,45.577,2192.7476371118564,2021-06-17,group1,29,1,51411,25750
2021-06-17,Camille,2021-06-17_RNAi-51411.25750-1_group1,30,NA,2021-06-17_RNAi-51411.25750-1_group1_30,72.443,40.13533508679127,2021-06-17,group1,30,1,51411,25750
2021-06-17,Camille,2021-06-17_RNAi-36303.3954-1_group1,20,NA,2021-06-17_RNAi-36303.3954-1_group1_20,60.998,15699.851207602786,2021-06-17,group1,20,1,36303,3954
2021-06-17,Camille,2021-06-17_RNAi-36303.3954-1_group1,21,NA,2021-06-17_RNAi-36303.3954-1_group1_21,74.784,17059.488705727836,2021-06-17,group1,21,1,36303,3954
2021-06-17,Camille,2021-06-17_RNAi-36303.3954-1_group1,22,NA,2021-06-17_RNAi-36303.3954-1_group1_22,60.998,496.1128669835372,2021-06-17,group1,22,1,36303,3954
2021-06-17,Camille,2021-06-17_RNAi-36303.3954-1_group1,23,NA,2021-06-17_RNAi-36303.3954-1_group1_23,45.365,8659.565747557626,2021-06-17,group1,23,1,36303,3954
2021-06-17,Camille,2021-06-17_RNAi-36303.3954-1_group1,24,NA,2021-06-17_RNAi-36303.3954-1_group1_24,63.077,17404.826786258862,2021-06-17,group1,24,1,36303,3954
2021-06-17,Camille,2021-06-17_RNAi-36303.3954-1_group1,26,NA,2021-06-17_RNAi-36303.3954-1_group1_26,66.323,13732.950715092442,2021-06-17,group1,26,1,36303,3954
2021-06-17,Camille,2021-06-17_RNAi-36303.3954-1_group1,27,NA,2021-06-17_RNAi-36303.3954-1_group1_27,65.795,6195.009375879773,2021-06-17,group1,27,1,36303,3954
2021-06-17,Camille,2021-06-17_RNAi-36303.3954-1_group1,28,NA,2021-06-17_RNAi-36303.3954-1_group1_28,53.785,17700.62420917206,2021-06-17,group1,28,1,36303,3954
2021-06-17,Camille,2021-06-17_RNAi-36303.3954-1_group1,29,NA,2021-06-17_RNAi-36303.3954-1_group1_29,48.044,9791.990295935053,2021-06-17,group1,29,1,36303,3954
2021-06-17,Camille,2021-06-17_RNAi-36303.3954-1_group1,30,NA,2021-06-17_RNAi-36303.3954-1_group1_30,59.795,16646.994801267683,2021-06-17,group1,30,1,36303,3954
2021-06-17,Camille,2021-06-17_RNAi-3954-1_group1,20,NA,2021-06-17_RNAi-3954-1_group1_20,39.056,181.98739638367553,2021-06-17,group1,20,1,3954,
2021-06-17,Camille,2021-06-17_RNAi-3954-1_group1,21,NA,2021-06-17_RNAi-3954-1_group1_21,41.833,1909.8031237344987,2021-06-17,group1,21,1,3954,
2021-06-17,Camille,2021-06-17_RNAi-3954-1_group1,22,NA,2021-06-17_RNAi-3954-1_group1_22,41.833,4694.566838466663,2021-06-17,group1,22,1,3954,
2021-06-17,Camille,2021-06-17_RNAi-3954-1_group1,23,NA,2021-06-17_RNAi-3954-1_group1_23,52.662,3472.3234187730864,2021-06-17,group1,23,1,3954,
2021-06-17,Camille,2021-06-17_RNAi-3954-1_group1,24,NA,2021-06-17_RNAi-3954-1_group1_24,29.579,321.76332685281005,2021-06-17,group1,24,1,3954,
2021-06-17,Camille,2021-06-17_RNAi-3954-1_group1,26,NA,2021-06-17_RNAi-3954-1_group1_26,44.5,3501.219823768105,2021-06-17,group1,26,1,3954,
2021-06-17,Camille,2021-06-17_RNAi-3954-1_group1,27,NA,2021-06-17_RNAi-3954-1_group1_27,54.869,259.6384694135769,2021-06-17,group1,27,1,3954,
2021-06-17,Camille,2021-06-17_RNAi-3954-1_group1,28,NA,2021-06-17_RNAi-3954-1_group1_28,61.243,625.5945072528476,2021-06-17,group1,28,1,3954,
2021-06-17,Camille,2021-06-17_RNAi-3954-1_group1,29,NA,2021-06-17_RNAi-3954-1_group1_29,35.999,1154.0907801070132,2021-06-17,group1,29,1,3954,
2021-06-17,Camille,2021-06-17_RNAi-3954-1_group1,30,NA,2021-06-17_RNAi-3954-1_group1_30,58.539,2997.3692389928897,2021-06-17,group1,30,1,3954,
2021-06-19,Camille,2021-06-19_RNAi-25750-1_group1,20,NA,2021-06-19_RNAi-25750-1_group1_20,46.767,16676.100146734298,2021-06-19,group1,20,1,25750,
2021-06-19,Camille,2021-06-19_RNAi-25750-1_group1,21,NA,2021-06-19_RNAi-25750-1_group1_21,44.488,3315.805989531393,2021-06-19,group1,21,1,25750,
2021-06-19,Camille,2021-06-19_RNAi-25750-1_group1,22,NA,2021-06-19_RNAi-25750-1_group1_22,50.705,22225.486950329534,2021-06-19,group1,22,1,25750,
2021-06-19,Camille,2021-06-19_RNAi-25750-1_group1,23,NA,2021-06-19_RNAi-25750-1_group1_23,55.155,1503.4112673774553,2021-06-19,group1,23,1,25750,
2021-06-19,Camille,2021-06-19_RNAi-25750-1_group1,24,NA,2021-06-19_RNAi-25750-1_group1_24,47.308,14823.944899782773,2021-06-19,group1,24,1,25750,
2021-06-19,Camille,2021-06-19_RNAi-25750-1_group1,26,NA,2021-06-19_RNAi-25750-1_group1_26,38.02,9645.321146472212,2021-06-19,group1,26,1,25750,
2021-06-19,Camille,2021-06-19_RNAi-25750-1_group1,27,NA,2021-06-19_RNAi-25750-1_group1_27,40.154,12926.291368036473,2021-06-19,group1,27,1,25750,
2021-06-19,Camille,2021-06-19_RNAi-25750-1_group1,28,NA,2021-06-19_RNAi-25750-1_group1_28,38.02,49.84665029071182,2021-06-19,group1,28,1,25750,
2021-06-19,Camille,2021-06-19_RNAi-25750-1_group1,29,NA,2021-06-19_RNAi-25750-1_group1_29,43.429,12296.968053560384,2021-06-19,group1,29,1,25750,
2021-06-19,Camille,2021-06-19_RNAi-25750-1_group1,30,NA,2021-06-19_RNAi-25750-1_group1_30,36.82,20372.778424031843,2021-06-19,group1,30,1,25750,
2021-06-23,Camille,2021-06-23_RNAi-51411.25750-2_group1,20,NA,2021-06-23_RNAi-51411.25750-2_group1_20,132.441,21367.68778368477,2021-06-23,group1,20,2,51411,25750
2021-06-23,Camille,2021-06-23_RNAi-51411.25750-2_group1,21,NA,2021-06-23_RNAi-51411.25750-2_group1_21,120.092,17097.87399211162,2021-06-23,group1,21,2,51411,25750
2021-06-23,Camille,2021-06-23_RNAi-51411.25750-2_group1,22,NA,2021-06-23_RNAi-51411.25750-2_group1_22,109.688,14216.776032770766,2021-06-23,group1,22,2,51411,25750
2021-06-23,Camille,2021-06-23_RNAi-51411.25750-2_group1,23,NA,2021-06-23_RNAi-51411.25750-2_group1_23,119.496,21250.856427666247,2021-06-23,group1,23,2,51411,25750
2021-06-23,Camille,2021-06-23_RNAi-51411.25750-2_group1,24,NA,2021-06-23_RNAi-51411.25750-2_group1_24,130.62,18194.4545144138,2021-06-23,group1,24,2,51411,25750
2021-06-23,Camille,2021-06-23_RNAi-51411.25750-2_group1,26,NA,2021-06-23_RNAi-51411.25750-2_group1_26,70.769,18141.05994587961,2021-06-23,group1,26,2,51411,25750
2021-06-23,Camille,2021-06-23_RNAi-51411.25750-2_group1,27,NA,2021-06-23_RNAi-51411.25750-2_group1_27,109.213,22768.36514523398,2021-06-23,group1,27,2,51411,25750
2021-06-23,Camille,2021-06-23_RNAi-51411.25750-2_group1,28,NA,2021-06-23_RNAi-51411.25750-2_group1_28,64.174,18463.601289819348,2021-06-23,group1,28,2,51411,25750
2021-06-23,Camille,2021-06-23_RNAi-51411.25750-2_group1,29,NA,2021-06-23_RNAi-51411.25750-2_group1_29,134.162,16175.51504584752,2021-06-23,group1,29,2,51411,25750
2021-06-23,Camille,2021-06-23_RNAi-51411.25750-2_group1,30,NA,2021-06-23_RNAi-51411.25750-2_group1_30,132.441,18375.067290819992,2021-06-23,group1,30,2,51411,25750
2021-06-23,Jordyn,2021-06-23_RNAi-36304.25750-2_group1,20,NA,2021-06-23_RNAi-36304.25750-2_group1_20,108.589,12957.925444151597,2021-06-23,group1,20,2,36304,25750
2021-06-23,Jordyn,2021-06-23_RNAi-36304.25750-2_group1,21,NA,2021-06-23_RNAi-36304.25750-2_group1_21,130.531,15073.134694085345,2021-06-23,group1,21,2,36304,25750
2021-06-23,Jordyn,2021-06-23_RNAi-36304.25750-2_group1,22,NA,2021-06-23_RNAi-36304.25750-2_group1_22,136.356,19733.778303573785,2021-06-23,group1,22,2,36304,25750
2021-06-23,Jordyn,2021-06-23_RNAi-36304.25750-2_group1,23,NA,2021-06-23_RNAi-36304.25750-2_group1_23,170.625,8075.31764603451,2021-06-23,group1,23,2,36304,25750
2021-06-23,Jordyn,2021-06-23_RNAi-36304.25750-2_group1,24,NA,2021-06-23_RNAi-36304.25750-2_group1_24,148.991,23395.155274778997,2021-06-23,group1,24,2,36304,25750
2021-06-23,Jordyn,2021-06-23_RNAi-36304.25750-2_group1,26,NA,2021-06-23_RNAi-36304.25750-2_group1_26,126.971,18374.13244824414,2021-06-23,group1,26,2,36304,25750
2021-06-23,Jordyn,2021-06-23_RNAi-36304.25750-2_group1,27,NA,2021-06-23_RNAi-36304.25750-2_group1_27,131.699,21962.889000135667,2021-06-23,group1,27,2,36304,25750
2021-06-23,Jordyn,2021-06-23_RNAi-36304.25750-2_group1,28,NA,2021-06-23_RNAi-36304.25750-2_group1_28,135.821,17991.249768455546,2021-06-23,group1,28,2,36304,25750
2021-06-23,Jordyn,2021-06-23_RNAi-36304.25750-2_group1,29,NA,2021-06-23_RNAi-36304.25750-2_group1_29,136.356,17177.738129620033,2021-06-23,group1,29,2,36304,25750
2021-06-23,Jordyn,2021-06-23_RNAi-36304.25750-2_group1,30,NA,2021-06-23_RNAi-36304.25750-2_group1_30,144.838,16929.443715379413,2021-06-23,group1,30,2,36304,25750
2021-06-23,Jordyn,2021-06-23_RNAi-36303-2_group1,20,NA,2021-06-23_RNAi-36303-2_group1_20,108.481,9314.480417355104,2021-06-23,group1,20,2,36303,
2021-06-23,Jordyn,2021-06-23_RNAi-36303-2_group1,21,NA,2021-06-23_RNAi-36303-2_group1_21,160.056,9491.03030921435,2021-06-23,group1,21,2,36303,
2021-06-23,Jordyn,2021-06-23_RNAi-36303-2_group1,22,NA,2021-06-23_RNAi-36303-2_group1_22,183.282,17740.219852470666,2021-06-23,group1,22,2,36303,
2021-06-23,Jordyn,2021-06-23_RNAi-36303-2_group1,23,NA,2021-06-23_RNAi-36303-2_group1_23,161.823,5054.3465681100915,2021-06-23,group1,23,2,36303,
2021-06-23,Jordyn,2021-06-23_RNAi-36303-2_group1,24,NA,2021-06-23_RNAi-36303-2_group1_24,76.426,5852.406720839481,2021-06-23,group1,24,2,36303,
2021-06-23,Jordyn,2021-06-23_RNAi-36303-2_group1,26,NA,2021-06-23_RNAi-36303-2_group1_26,136.528,6273.324921697113,2021-06-23,group1,26,2,36303,
2021-06-23,Jordyn,2021-06-23_RNAi-36303-2_group1,27,NA,2021-06-23_RNAi-36303-2_group1_27,139.263,25370.533950469173,2021-06-23,group1,27,2,36303,
2021-06-23,Jordyn,2021-06-23_RNAi-36303-2_group1,28,NA,2021-06-23_RNAi-36303-2_group1_28,120.195,10142.0606427729,2021-06-23,group1,28,2,36303,
2021-06-23,Jordyn,2021-06-23_RNAi-36303-2_group1,29,NA,2021-06-23_RNAi-36303-2_group1_29,104.192,1790.8979237382034,2021-06-23,group1,29,2,36303,
2021-06-23,Jordyn,2021-06-23_RNAi-36303-2_group1,30,NA,2021-06-23_RNAi-36303-2_group1_30,98.58,12597.574626786492,2021-06-23,group1,30,2,36303,
2021-06-23,Jordyn,2021-06-23_RNAi-36304.25750-2_group1,20,NA,2021-06-23_RNAi-36304.25750-2_group1_20,108.589,12957.925444151597,2021-06-23,group1,20,2,36304,25750
2021-06-23,Jordyn,2021-06-23_RNAi-36304.25750-2_group1,21,NA,2021-06-23_RNAi-36304.25750-2_group1_21,130.531,15073.134694085345,2021-06-23,group1,21,2,36304,25750
2021-06-23,Jordyn,2021-06-23_RNAi-36304.25750-2_group1,22,NA,2021-06-23_RNAi-36304.25750-2_group1_22,136.356,19733.778303573785,2021-06-23,group1,22,2,36304,25750
2021-06-23,Jordyn,2021-06-23_RNAi-36304.25750-2_group1,23,NA,2021-06-23_RNAi-36304.25750-2_group1_23,170.625,8075.31764603451,2021-06-23,group1,23,2,36304,25750
2021-06-23,Jordyn,2021-06-23_RNAi-36304.25750-2_group1,24,NA,2021-06-23_RNAi-36304.25750-2_group1_24,148.991,23395.155274778997,2021-06-23,group1,24,2,36304,25750
2021-06-23,Jordyn,2021-06-23_RNAi-36304.25750-2_group1,26,NA,2021-06-23_RNAi-36304.25750-2_group1_26,126.971,18374.13244824414,2021-06-23,group1,26,2,36304,25750
2021-06-23,Jordyn,2021-06-23_RNAi-36304.25750-2_group1,27,NA,2021-06-23_RNAi-36304.25750-2_group1_27,131.699,21962.889000135667,2021-06-23,group1,27,2,36304,25750
2021-06-23,Jordyn,2021-06-23_RNAi-36304.25750-2_group1,28,NA,2021-06-23_RNAi-36304.25750-2_group1_28,135.821,17991.249768455546,2021-06-23,group1,28,2,36304,25750
2021-06-23,Jordyn,2021-06-23_RNAi-36304.25750-2_group1,29,NA,2021-06-23_RNAi-36304.25750-2_group1_29,136.356,17177.738129620033,2021-06-23,group1,29,2,36304,25750
2021-06-23,Jordyn,2021-06-23_RNAi-36304.25750-2_group1,30,NA,2021-06-23_RNAi-36304.25750-2_group1_30,144.838,16929.443715379413,2021-06-23,group1,30,2,36304,25750
2021-06-23,Jordyn,2021-06-23_RNAi-36304-2_group1,20,NA,2021-06-23_RNAi-36304-2_group1_20,67.325,4418.388929236724,2021-06-23,group1,20,2,36304,
2021-06-23,Jordyn,2021-06-23_RNAi-36304-2_group1,21,NA,2021-06-23_RNAi-36304-2_group1_21,70.984,8861.167994741665,2021-06-23,group1,21,2,36304,
2021-06-23,Jordyn,2021-06-23_RNAi-36304-2_group1,22,NA,2021-06-23_RNAi-36304-2_group1_22,36.417,17527.170530111052,2021-06-23,group1,22,2,36304,
2021-06-23,Jordyn,2021-06-23_RNAi-36304-2_group1,23,NA,2021-06-23_RNAi-36304-2_group1_23,106.868,14389.113810585239,2021-06-23,group1,23,2,36304,
2021-06-23,Jordyn,2021-06-23_RNAi-36304-2_group1,24,NA,2021-06-23_RNAi-36304-2_group1_24,61.735,323.01881795889886,2021-06-23,group1,24,2,36304,
2021-06-23,Jordyn,2021-06-23_RNAi-36304-2_group1,26,NA,2021-06-23_RNAi-36304-2_group1_26,69.932,14893.093613908377,2021-06-23,group1,26,2,36304,
2021-06-23,Jordyn,2021-06-23_RNAi-36304-2_group1,27,NA,2021-06-23_RNAi-36304-2_group1_27,61.206,11168.748325252978,2021-06-23,group1,27,2,36304,
2021-06-23,Jordyn,2021-06-23_RNAi-36304-2_group1,28,NA,2021-06-23_RNAi-36304-2_group1_28,55.966,16558.841975498482,2021-06-23,group1,28,2,36304,
2021-06-23,Jordyn,2021-06-23_RNAi-36304-2_group1,29,NA,2021-06-23_RNAi-36304-2_group1_29,87.053,10554.839651157576,2021-06-23,group1,29,2,36304,
2021-06-23,Jordyn,2021-06-23_RNAi-36304-2_group1,30,NA,2021-06-23_RNAi-36304-2_group1_30,91.325,20066.731573002704,2021-06-23,group1,30,2,36304,
2021-06-24,Camille,2021-06-24_RNAi-35027.3954-2_group1,20,NA,2021-06-24_RNAi-35027.3954-2_group1_20,77.994,20384.39001894554,2021-06-24,group1,20,2,35027,3954
2021-06-24,Camille,2021-06-24_RNAi-35027.3954-2_group1,21,NA,2021-06-24_RNAi-35027.3954-2_group1_21,93.609,17028.944036488647,2021-06-24,group1,21,2,35027,3954
2021-06-24,Camille,2021-06-24_RNAi-35027.3954-2_group1,22,NA,2021-06-24_RNAi-35027.3954-2_group1_22,75.109,14003.55613484252,2021-06-24,group1,22,2,35027,3954
2021-06-24,Camille,2021-06-24_RNAi-35027.3954-2_group1,23,NA,2021-06-24_RNAi-35027.3954-2_group1_23,118.15,22088.338394623283,2021-06-24,group1,23,2,35027,3954
2021-06-24,Camille,2021-06-24_RNAi-35027.3954-2_group1,24,NA,2021-06-24_RNAi-35027.3954-2_group1_24,93.609,16981.946055746066,2021-06-24,group1,24,2,35027,3954
2021-06-24,Camille,2021-06-24_RNAi-35027.3954-2_group1,26,NA,2021-06-24_RNAi-35027.3954-2_group1_26,77.467,18495.623352940835,2021-06-24,group1,26,2,35027,3954
2021-06-24,Camille,2021-06-24_RNAi-35027.3954-2_group1,27,NA,2021-06-24_RNAi-35027.3954-2_group1_27,97.676,11814.206383240511,2021-06-24,group1,27,2,35027,3954
2021-06-24,Camille,2021-06-24_RNAi-35027.3954-2_group1,28,NA,2021-06-24_RNAi-35027.3954-2_group1_28,76.92,13162.521964917381,2021-06-24,group1,28,2,35027,3954
2021-06-24,Camille,2021-06-24_RNAi-35027.3954-2_group1,29,NA,2021-06-24_RNAi-35027.3954-2_group1_29,107.517,19056.51919227874,2021-06-24,group1,29,2,35027,3954
2021-06-24,Camille,2021-06-24_RNAi-35027.3954-2_group1,30,NA,2021-06-24_RNAi-35027.3954-2_group1_30,110.924,18350.336951615354,2021-06-24,group1,30,2,35027,3954
2021-06-24,Camille,2021-06-24_RNAi-35027.25750-2_group1,20,NA,2021-06-24_RNAi-35027.25750-2_group1_20,91.334,16140.437602758837,2021-06-24,group1,20,2,35027,25750
2021-06-24,Camille,2021-06-24_RNAi-35027.25750-2_group1,21,NA,2021-06-24_RNAi-35027.25750-2_group1_21,99.874,21140.65748225521,2021-06-24,group1,21,2,35027,25750
2021-06-24,Camille,2021-06-24_RNAi-35027.25750-2_group1,22,NA,2021-06-24_RNAi-35027.25750-2_group1_22,84.56,17133.964302576827,2021-06-24,group1,22,2,35027,25750
2021-06-24,Camille,2021-06-24_RNAi-35027.25750-2_group1,23,NA,2021-06-24_RNAi-35027.25750-2_group1_23,97.138,19273.52125209421,2021-06-24,group1,23,2,35027,25750
2021-06-24,Camille,2021-06-24_RNAi-35027.25750-2_group1,24,NA,2021-06-24_RNAi-35027.25750-2_group1_24,88.04,20639.99670965745,2021-06-24,group1,24,2,35027,25750
2021-06-24,Camille,2021-06-24_RNAi-35027.25750-2_group1,26,NA,2021-06-24_RNAi-35027.25750-2_group1_26,84.56,16740.429497039684,2021-06-24,group1,26,2,35027,25750
2021-06-24,Camille,2021-06-24_RNAi-35027.25750-2_group1,27,NA,2021-06-24_RNAi-35027.25750-2_group1_27,72.143,23189.98494742973,2021-06-24,group1,27,2,35027,25750
2021-06-24,Camille,2021-06-24_RNAi-35027.25750-2_group1,28,NA,2021-06-24_RNAi-35027.25750-2_group1_28,92.901,17157.308924520923,2021-06-24,group1,28,2,35027,25750
2021-06-24,Camille,2021-06-24_RNAi-35027.25750-2_group1,29,NA,2021-06-24_RNAi-35027.25750-2_group1_29,112.417,20633.637276824007,2021-06-24,group1,29,2,35027,25750
2021-06-24,Camille,2021-06-24_RNAi-35027.25750-2_group1,30,NA,2021-06-24_RNAi-35027.25750-2_group1_30,112.89,20830.847532965774,2021-06-24,group1,30,2,35027,25750
2021-06-24,Camille,2021-06-24_RNAi-51411.3954-2_group1,20,NA,2021-06-24_RNAi-51411.3954-2_group1_20,110.289,12409.520510364195,2021-06-24,group1,20,2,51411,3954
2021-06-24,Camille,2021-06-24_RNAi-51411.3954-2_group1,21,NA,2021-06-24_RNAi-51411.3954-2_group1_21,118.937,17592.458344506493,2021-06-24,group1,21,2,51411,3954
2021-06-24,Camille,2021-06-24_RNAi-51411.3954-2_group1,22,NA,2021-06-24_RNAi-51411.3954-2_group1_22,96.39,18074.617006662495,2021-06-24,group1,22,2,51411,3954
2021-06-24,Camille,2021-06-24_RNAi-51411.3954-2_group1,23,NA,2021-06-24_RNAi-51411.3954-2_group1_23,124.121,17164.79563015513,2021-06-24,group1,23,2,51411,3954
2021-06-24,Camille,2021-06-24_RNAi-51411.3954-2_group1,24,NA,2021-06-24_RNAi-51411.3954-2_group1_24,126.689,21471.71320254918,2021-06-24,group1,24,2,51411,3954
2021-06-24,Camille,2021-06-24_RNAi-51411.3954-2_group1,26,NA,2021-06-24_RNAi-51411.3954-2_group1_26,100.152,21656.924693782945,2021-06-24,group1,26,2,51411,3954
2021-06-24,Camille,2021-06-24_RNAi-51411.3954-2_group1,27,NA,2021-06-24_RNAi-51411.3954-2_group1_27,90.413,7836.850477782525,2021-06-24,group1,27,2,51411,3954
2021-06-24,Camille,2021-06-24_RNAi-51411.3954-2_group1,28,NA,2021-06-24_RNAi-51411.3954-2_group1_28,127.191,10871.077398807558,2021-06-24,group1,28,2,51411,3954
2021-06-24,Camille,2021-06-24_RNAi-51411.3954-2_group1,29,NA,2021-06-24_RNAi-51411.3954-2_group1_29,16.035,26187.69273334658,2021-06-24,group1,29,2,51411,3954
2021-06-24,Camille,2021-06-24_RNAi-51411.3954-2_group1,30,NA,2021-06-24_RNAi-51411.3954-2_group1_30,101.155,11149.89305080665,2021-06-24,group1,30,2,51411,3954
2021-06-24,Camille,2021-06-24_RNAi-36304.3954-2_group1,20,NA,2021-06-24_RNAi-36304.3954-2_group1_20,120.35,17745.78260528121,2021-06-24,group1,20,2,36304,3954
2021-06-24,Camille,2021-06-24_RNAi-36303.3954-2_group1,21,NA,2021-06-24_RNAi-36303.3954-2_group1_21,103.285,28957.01581630552,2021-06-24,group1,21,2,36303,3954
2021-06-24,Camille,2021-06-24_RNAi-36303.3954-2_group1,22,NA,2021-06-24_RNAi-36303.3954-2_group1_22,88.368,11784.113936525071,2021-06-24,group1,22,2,36303,3954
2021-06-24,Camille,2021-06-24_RNAi-36303.3954-2_group1,23,NA,2021-06-24_RNAi-36303.3954-2_group1_23,58.991,16341.270743843423,2021-06-24,group1,23,2,36303,3954
2021-06-24,Camille,2021-06-24_RNAi-36303.3954-2_group1,24,NA,2021-06-24_RNAi-36303.3954-2_group1_24,64.636,806.3337717174294,2021-06-24,group1,24,2,36303,3954
2021-06-24,Camille,2021-06-24_RNAi-36303.3954-2_group1,26,NA,2021-06-24_RNAi-36303.3954-2_group1_26,52.456,10683.769973970757,2021-06-24,group1,26,2,36303,3954
2021-06-24,Camille,2021-06-24_RNAi-36303.3954-2_group1,27,NA,2021-06-24_RNAi-36303.3954-2_group1_27,44.632,7315.898350686237,2021-06-24,group1,27,2,36303,3954
2021-06-24,Camille,2021-06-24_RNAi-36303.3954-2_group1,28,NA,2021-06-24_RNAi-36303.3954-2_group1_28,46.187,8132.422796824043,2021-06-24,group1,28,2,36303,3954
2021-06-24,Camille,2021-06-24_RNAi-36303.3954-2_group1,29,NA,2021-06-24_RNAi-36303.3954-2_group1_29,92.17,15555.10619554253,2021-06-24,group1,29,2,36303,3954
2021-06-24,Camille,2021-06-24_RNAi-36303.3954-2_group1,30,NA,2021-06-24_RNAi-36303.3954-2_group1_30,66.439,12916.483006835562,2021-06-24,group1,30,2,36303,3954
2021-06-24,Camille,2021-06-24_RNAi-36304.3954-2_group1,20,NA,2021-06-24_RNAi-36304.3954-2_group1_20,120.35,17745.78260528121,2021-06-24,group1,20,2,36304,3954
2021-06-24,Camille,2021-06-24_RNAi-36304.3954-2_group1,21,NA,2021-06-24_RNAi-36304.3954-2_group1_21,80.67,21997.396405833562,2021-06-24,group1,21,2,36304,3954
2021-06-24,Camille,2021-06-24_RNAi-36304.3954-2_group1,22,NA,2021-06-24_RNAi-36304.3954-2_group1_22,99.045,24644.23577544839,2021-06-24,group1,22,2,36304,3954
2021-06-24,Camille,2021-06-24_RNAi-36304.3954-2_group1,23,NA,2021-06-24_RNAi-36304.3954-2_group1_23,77.329,16221.067788434857,2021-06-24,group1,23,2,36304,3954
2021-06-24,Camille,2021-06-24_RNAi-36304.3954-2_group1,24,NA,2021-06-24_RNAi-36304.3954-2_group1_24,108.933,12254.15638775757,2021-06-24,group1,24,2,36304,3954
2021-06-24,Camille,2021-06-24_RNAi-36304.3954-2_group1,26,NA,2021-06-24_RNAi-36304.3954-2_group1_26,72.891,25807.06240577504,2021-06-24,group1,26,2,36304,3954
2021-06-24,Camille,2021-06-24_RNAi-36304.3954-2_group1,27,NA,2021-06-24_RNAi-36304.3954-2_group1_27,104.264,14587.705290199612,2021-06-24,group1,27,2,36304,3954
2021-06-24,Camille,2021-06-24_RNAi-36304.3954-2_group1,28,NA,2021-06-24_RNAi-36304.3954-2_group1_28,61.567,21815.23042302308,2021-06-24,group1,28,2,36304,3954
2021-06-24,Camille,2021-06-24_RNAi-36304.3954-2_group1,29,NA,2021-06-24_RNAi-36304.3954-2_group1_29,100.11,12223.575086511804,2021-06-24,group1,29,2,36304,3954
2021-06-24,Camille,2021-06-24_RNAi-36304.3954-2_group1,30,NA,2021-06-24_RNAi-36304.3954-2_group1_30,77.329,10187.151043001504,2021-06-24,group1,30,2,36304,3954
2021-06-24,Camille,2021-06-24_RNAi-25750-2_group1,20,NA,2021-06-24_RNAi-25750-2_group1_20,54.133,13592.84449006116,2021-06-24,group1,20,2,25750,
2021-06-24,Camille,2021-06-24_RNAi-25750-2_group1,21,NA,2021-06-24_RNAi-25750-2_group1_21,68.053,11027.854592605172,2021-06-24,group1,21,2,25750,
2021-06-24,Camille,2021-06-24_RNAi-25750-2_group1,22,NA,2021-06-24_RNAi-25750-2_group1_22,108.018,7841.0431577521895,2021-06-24,group1,22,2,25750,
2021-06-24,Camille,2021-06-24_RNAi-25750-2_group1,23,NA,2021-06-24_RNAi-25750-2_group1_23,71.459,18934.928511850423,2021-06-24,group1,23,2,25750,
2021-06-24,Camille,2021-06-24_RNAi-25750-2_group1,24,NA,2021-06-24_RNAi-25750-2_group1_24,49.176,18987.655092469384,2021-06-24,group1,24,2,25750,
2021-06-24,Camille,2021-06-24_RNAi-25750-2_group1,26,NA,2021-06-24_RNAi-25750-2_group1_26,45.577,18975.00178329834,2021-06-24,group1,26,2,25750,
2021-06-24,Camille,2021-06-24_RNAi-25750-2_group1,27,NA,2021-06-24_RNAi-25750-2_group1_27,52.984,16184.996303724849,2021-06-24,group1,27,2,25750,
2021-06-24,Camille,2021-06-24_RNAi-25750-2_group1,28,NA,2021-06-24_RNAi-25750-2_group1_28,60.667,8976.34496974269,2021-06-24,group1,28,2,25750,
2021-06-24,Camille,2021-06-24_RNAi-25750-2_group1,29,NA,2021-06-24_RNAi-25750-2_group1_29,62.839,21367.219865161085,2021-06-24,group1,29,2,25750,
2021-06-24,Camille,2021-06-24_RNAi-25750-2_group1,30,NA,2021-06-24_RNAi-25750-2_group1_30,58.616,20127.19652331836,2021-06-24,group1,30,2,25750,
2021-06-25,Jordyn,2021-06-25_RNAi-3954-2_group1,20,NA,2021-06-25_RNAi-3954-2_group1_20,76.796,21739.265829898028,2021-06-25,group1,20,2,3954,
2021-06-25,Jordyn,2021-06-25_RNAi-3954-2_group1,21,NA,2021-06-25_RNAi-3954-2_group1_21,137.253,15179.96955888942,2021-06-25,group1,21,2,3954,
2021-06-25,Jordyn,2021-06-25_RNAi-3954-2_group1,22,NA,2021-06-25_RNAi-3954-2_group1_22,183.868,22.861708944420666,2021-06-25,group1,22,2,3954,
2021-06-25,Jordyn,2021-06-25_RNAi-3954-2_group1,23,NA,2021-06-25_RNAi-3954-2_group1_23,68.322,1220.7169457040668,2021-06-25,group1,23,2,3954,
2021-06-25,Jordyn,2021-06-25_RNAi-3954-2_group1,24,NA,2021-06-25_RNAi-3954-2_group1_24,95.422,6776.2908751882205,2021-06-25,group1,24,2,3954,
2021-06-25,Jordyn,2021-06-25_RNAi-3954-2_group1,26,NA,2021-06-25_RNAi-3954-2_group1_26,90.481,6347.853548885257,2021-06-25,group1,26,2,3954,
2021-06-25,Jordyn,2021-06-25_RNAi-3954-2_group1,27,NA,2021-06-25_RNAi-3954-2_group1_27,76.186,10770.043621064373,2021-06-25,group1,27,2,3954,
2021-06-25,Jordyn,2021-06-25_RNAi-3954-2_group1,28,NA,2021-06-25_RNAi-3954-2_group1_28,68.322,3167.424756424801,2021-06-25,group1,28,2,3954,
2021-06-25,Jordyn,2021-06-25_RNAi-3954-2_group1,29,NA,2021-06-25_RNAi-3954-2_group1_29,68.322,16164.02422950403,2021-06-25,group1,29,2,3954,
2021-06-25,Jordyn,2021-06-25_RNAi-3954-2_group1,30,NA,2021-06-25_RNAi-3954-2_group1_30,68.322,18547.966435361406,2021-06-25,group1,30,2,3954,
2021-06-25,Jordyn,2021-06-25_RNAi-50656.25750-2_group1,20,NA,2021-06-25_RNAi-50656.25750-2_group1_20,50.451,332.45919820787,2021-06-25,group1,20,2,50656,25750
2021-06-25,Jordyn,2021-06-25_RNAi-50656.25750-2_group1,21,NA,2021-06-25_RNAi-50656.25750-2_group1_21,25.235,2650.295075285353,2021-06-25,group1,21,2,50656,25750
2021-06-25,Jordyn,2021-06-25_RNAi-50656.25750-2_group1,22,NA,2021-06-25_RNAi-50656.25750-2_group1_22,3.691,28.07985274562981,2021-06-25,group1,22,2,50656,25750
2021-06-25,Jordyn,2021-06-25_RNAi-50656.25750-2_group1,23,NA,2021-06-25_RNAi-50656.25750-2_group1_23,51.013,167.9846167079154,2021-06-25,group1,23,2,50656,25750
2021-06-25,Jordyn,2021-06-25_RNAi-50656.25750-2_group1,24,NA,2021-06-25_RNAi-50656.25750-2_group1_24,24.084,11695.608332402566,2021-06-25,group1,24,2,50656,25750
2021-06-25,Jordyn,2021-06-25_RNAi-50656.25750-2_group1,26,NA,2021-06-25_RNAi-50656.25750-2_group1_26,33.143,40.59011911393161,2021-06-25,group1,26,2,50656,25750
2021-06-25,Jordyn,2021-06-25_RNAi-50656.25750-2_group1,27,NA,2021-06-25_RNAi-50656.25750-2_group1_27,92.266,38.649729184506135,2021-06-25,group1,27,2,50656,25750
2021-06-25,Jordyn,2021-06-25_RNAi-50656.25750-2_group1,28,NA,2021-06-25_RNAi-50656.25750-2_group1_28,25.235,10541.661758628152,2021-06-25,group1,28,2,50656,25750
2021-06-25,Jordyn,2021-06-25_RNAi-50656.25750-2_group1,29,NA,2021-06-25_RNAi-50656.25750-2_group1_29,33.143,691.2682266202177,2021-06-25,group1,29,2,50656,25750
2021-06-25,Jordyn,2021-06-25_RNAi-50656.25750-2_group1,30,NA,2021-06-25_RNAi-50656.25750-2_group1_30,49.423,14189.287481403035,2021-06-25,group1,30,2,50656,25750
2021-06-30,Jordyn,2021-06-30_RNAi-35027.25750-3_group1,20,NA,2021-06-30_RNAi-35027.25750-3_group1_20,132.28,13900.239452465757,2021-06-30,group1,20,3,35027,25750
2021-06-30,Jordyn,2021-06-30_RNAi-35027.25750-3_group1,21,NA,2021-06-30_RNAi-35027.25750-3_group1_21,164.551,15808.706892624077,2021-06-30,group1,21,3,35027,25750
2021-06-30,Jordyn,2021-06-30_RNAi-35027.25750-3_group1,22,NA,2021-06-30_RNAi-35027.25750-3_group1_22,99.023,13583.211247605843,2021-06-30,group1,22,3,35027,25750
2021-06-30,Jordyn,2021-06-30_RNAi-35027.25750-3_group1,23,NA,2021-06-30_RNAi-35027.25750-3_group1_23,118.626,18425.010529806743,2021-06-30,group1,23,3,35027,25750
2021-06-30,Jordyn,2021-06-30_RNAi-35027.25750-3_group1,24,NA,2021-06-30_RNAi-35027.25750-3_group1_24,145.464,21221.995560166124,2021-06-30,group1,24,3,35027,25750
2021-06-30,Jordyn,2021-06-30_RNAi-35027.25750-3_group1,26,NA,2021-06-30_RNAi-35027.25750-3_group1_26,105.114,19298.62461828347,2021-06-30,group1,26,3,35027,25750
2021-06-30,Jordyn,2021-06-30_RNAi-35027.25750-3_group1,27,NA,2021-06-30_RNAi-35027.25750-3_group1_27,127.327,16418.15825213054,2021-06-30,group1,27,3,35027,25750
2021-06-30,Jordyn,2021-06-30_RNAi-35027.25750-3_group1,28,NA,2021-06-30_RNAi-35027.25750-3_group1_28,72.832,17280.857332710366,2021-06-30,group1,28,3,35027,25750
2021-06-30,Jordyn,2021-06-30_RNAi-35027.25750-3_group1,29,NA,2021-06-30_RNAi-35027.25750-3_group1_29,128.505,13020.064687533006,2021-06-30,group1,29,3,35027,25750
2021-06-30,Jordyn,2021-06-30_RNAi-35027.25750-3_group1,30,NA,2021-06-30_RNAi-35027.25750-3_group1_30,107.897,22243.741012459013,2021-06-30,group1,30,3,35027,25750
2021-06-30,Jordyn,2021-06-30_RNAi-51411.25750-3_group1,20,NA,2021-06-30_RNAi-51411.25750-3_group1_20,160.965,14801.215382575543,2021-06-30,group1,20,3,51411,25750
2021-06-30,Jordyn,2021-06-30_RNAi-51411.25750-3_group1,21,NA,2021-06-30_RNAi-51411.25750-3_group1_21,168.135,22795.62586764726,2021-06-30,group1,21,3,51411,25750
2021-06-30,Jordyn,2021-06-30_RNAi-51411.25750-3_group1,22,NA,2021-06-30_RNAi-51411.25750-3_group1_22,249.435,25241.936717060886,2021-06-30,group1,22,3,51411,25750
2021-06-30,Jordyn,2021-06-30_RNAi-51411.25750-3_group1,23,NA,2021-06-30_RNAi-51411.25750-3_group1_23,139.677,10838.019178834267,2021-06-30,group1,23,3,51411,25750
2021-06-30,Jordyn,2021-06-30_RNAi-51411.25750-3_group1,24,NA,2021-06-30_RNAi-51411.25750-3_group1_24,146.298,17916.69530759536,2021-06-30,group1,24,3,51411,25750
2021-06-30,Jordyn,2021-06-30_RNAi-51411.25750-3_group1,26,NA,2021-06-30_RNAi-51411.25750-3_group1_26,165.945,21356.017005886624,2021-06-30,group1,26,3,51411,25750
2021-06-30,Jordyn,2021-06-30_RNAi-51411.25750-3_group1,27,NA,2021-06-30_RNAi-51411.25750-3_group1_27,132.593,18940.420016966753,2021-06-30,group1,27,3,51411,25750
2021-06-30,Jordyn,2021-06-30_RNAi-51411.25750-3_group1,28,NA,2021-06-30_RNAi-51411.25750-3_group1_28,162.577,20533.867984152166,2021-06-30,group1,28,3,51411,25750
2021-06-30,Jordyn,2021-06-30_RNAi-51411.25750-3_group1,29,NA,2021-06-30_RNAi-51411.25750-3_group1_29,119.027,26208.246442821335,2021-06-30,group1,29,3,51411,25750
2021-06-30,Jordyn,2021-06-30_RNAi-51411.25750-3_group1,30,NA,2021-06-30_RNAi-51411.25750-3_group1_30,176.272,18844.288685857373,2021-06-30,group1,30,3,51411,25750
2021-06-30,Jordyn,2021-06-30_RNAi-36303.25750-3_group1,20,NA,2021-06-30_RNAi-36303.25750-3_group1_20,103.293,14197.98644391814,2021-06-30,group1,20,3,36303,25750
2021-06-30,Jordyn,2021-06-30_RNAi-36303.25750-3_group1,21,NA,2021-06-30_RNAi-36303.25750-3_group1_21,137.646,17250.22554022495,2021-06-30,group1,21,3,36303,25750
2021-06-30,Jordyn,2021-06-30_RNAi-36303.25750-3_group1,22,NA,2021-06-30_RNAi-36303.25750-3_group1_22,151.411,17934.11571409534,2021-06-30,group1,22,3,36303,25750
2021-06-30,Jordyn,2021-06-30_RNAi-36303.25750-3_group1,23,NA,2021-06-30_RNAi-36303.25750-3_group1_23,145.333,19234.07597897232,2021-06-30,group1,23,3,36303,25750
2021-06-30,Jordyn,2021-06-30_RNAi-36303.25750-3_group1,24,NA,2021-06-30_RNAi-36303.25750-3_group1_24,31.215,24133.517932257037,2021-06-30,group1,24,3,36303,25750
2021-06-30,Jordyn,2021-06-30_RNAi-36303.25750-3_group1,26,NA,2021-06-30_RNAi-36303.25750-3_group1_26,130.55,16832.037463694665,2021-06-30,group1,26,3,36303,25750
2021-06-30,Jordyn,2021-06-30_RNAi-36303.25750-3_group1,27,NA,2021-06-30_RNAi-36303.25750-3_group1_27,104.94,16569.786409604192,2021-06-30,group1,27,3,36303,25750
2021-06-30,Jordyn,2021-06-30_RNAi-36303.25750-3_group1,28,NA,2021-06-30_RNAi-36303.25750-3_group1_28,144.756,14220.602887291003,2021-06-30,group1,28,3,36303,25750
2021-06-30,Jordyn,2021-06-30_RNAi-36303.25750-3_group1,29,NA,2021-06-30_RNAi-36303.25750-3_group1_29,186.441,43452.4062047085,2021-06-30,group1,29,3,36303,25750
2021-06-30,Jordyn,2021-06-30_RNAi-36303.25750-3_group1,30,NA,2021-06-30_RNAi-36303.25750-3_group1_30,138.614,23018.02793354509,2021-06-30,group1,30,3,36303,25750
2021-06-30,Jordyn,2021-06-30_RNAi-36303-3_group1,20,NA,2021-06-30_RNAi-36303-3_group1_20,104.076,21337.41135970054,2021-06-30,group1,20,3,36303,
2021-06-30,Jordyn,2021-06-30_RNAi-36303-3_group1,21,NA,2021-06-30_RNAi-36303-3_group1_21,46.341,7726.840251945451,2021-06-30,group1,21,3,36303,
2021-06-30,Jordyn,2021-06-30_RNAi-36303-3_group1,22,NA,2021-06-30_RNAi-36303-3_group1_22,57.076,15038.322043752145,2021-06-30,group1,22,3,36303,
2021-06-30,Jordyn,2021-06-30_RNAi-36303-3_group1,23,NA,2021-06-30_RNAi-36303-3_group1_23,46.95,3557.734282427176,2021-06-30,group1,23,3,36303,
2021-06-30,Jordyn,2021-06-30_RNAi-36303-3_group1,24,NA,2021-06-30_RNAi-36303-3_group1_24,89.508,15517.303215567457,2021-06-30,group1,24,3,36303,
2021-06-30,Jordyn,2021-06-30_RNAi-36303-3_group1,26,NA,2021-06-30_RNAi-36303-3_group1_26,98.531,15321.528098664126,2021-06-30,group1,26,3,36303,
2021-06-30,Jordyn,2021-06-30_RNAi-36303-3_group1,27,NA,2021-06-30_RNAi-36303-3_group1_27,109.876,20566.555203665896,2021-06-30,group1,27,3,36303,
2021-06-30,Jordyn,2021-06-30_RNAi-36303-3_group1,28,NA,2021-06-30_RNAi-36303-3_group1_28,48.165,12572.918148185441,2021-06-30,group1,28,3,36303,
2021-06-30,Jordyn,2021-06-30_RNAi-36303-3_group1,29,NA,2021-06-30_RNAi-36303-3_group1_29,107.084,1697.1742678555386,2021-06-30,group1,29,3,36303,
2021-06-30,Jordyn,2021-06-30_RNAi-36303-3_group1,30,NA,2021-06-30_RNAi-36303-3_group1_30,91.044,21889.96934836511,2021-06-30,group1,30,3,36303,
2021-06-30,Jordyn,2021-06-30_RNAi-36304-3_group1,20,NA,2021-06-30_RNAi-36304-3_group1_20,58.186,5556.30280674302,2021-06-30,group1,20,3,36304,
2021-06-30,Jordyn,2021-06-30_RNAi-36304-3_group1,21,NA,2021-06-30_RNAi-36304-3_group1_21,60.82,10365.930803853787,2021-06-30,group1,21,3,36304,
2021-06-30,Jordyn,2021-06-30_RNAi-36304-3_group1,22,NA,2021-06-30_RNAi-36304-3_group1_22,74.597,28964.52353202192,2021-06-30,group1,22,3,36304,
2021-06-30,Jordyn,2021-06-30_RNAi-36304-3_group1,23,NA,2021-06-30_RNAi-36304-3_group1_23,62.964,9946.981436479446,2021-06-30,group1,23,3,36304,
2021-06-30,Jordyn,2021-06-30_RNAi-36304-3_group1,24,NA,2021-06-30_RNAi-36304-3_group1_24,43.66,5572.998958007116,2021-06-30,group1,24,3,36304,
2021-06-30,Jordyn,2021-06-30_RNAi-36304-3_group1,26,NA,2021-06-30_RNAi-36304-3_group1_26,18.445,12565.899647698208,2021-06-30,group1,26,3,36304,
2021-06-30,Jordyn,2021-06-30_RNAi-36304-3_group1,27,NA,2021-06-30_RNAi-36304-3_group1_27,60.337,1194.521720946132,2021-06-30,group1,27,3,36304,
2021-06-30,Jordyn,2021-06-30_RNAi-36304-3_group1,28,NA,2021-06-30_RNAi-36304-3_group1_28,75.765,12226.521182845794,2021-06-30,group1,28,3,36304,
2021-06-30,Jordyn,2021-06-30_RNAi-36304-3_group1,29,NA,2021-06-30_RNAi-36304-3_group1_29,27.769,652.0905612808937,2021-06-30,group1,29,3,36304,
2021-06-30,Jordyn,2021-06-30_RNAi-36304-3_group1,30,NA,2021-06-30_RNAi-36304-3_group1_30,60.82,12556.88019441894,2021-06-30,group1,30,3,36304,
2021-06-30,Jordyn,2021-06-30_RNAi-36304.25750-3_group1,20,NA,2021-06-30_RNAi-36304.25750-3_group1_20,141.519,19633.68698279591,2021-06-30,group1,20,3,36304,25750
2021-06-30,Jordyn,2021-06-30_RNAi-36304.25750-3_group1,21,NA,2021-06-30_RNAi-36304.25750-3_group1_21,110.046,14129.672005976576,2021-06-30,group1,21,3,36304,25750
2021-06-30,Jordyn,2021-06-30_RNAi-36304.25750-3_group1,22,NA,2021-06-30_RNAi-36304.25750-3_group1_22,119.871,19195.20133025886,2021-06-30,group1,22,3,36304,25750
2021-06-30,Jordyn,2021-06-30_RNAi-36304.25750-3_group1,23,NA,2021-06-30_RNAi-36304.25750-3_group1_23,103.83,18569.37123131557,2021-06-30,group1,23,3,36304,25750
2021-06-30,Jordyn,2021-06-30_RNAi-36304.25750-3_group1,24,NA,2021-06-30_RNAi-36304.25750-3_group1_24,110.641,15833.188763021033,2021-06-30,group1,24,3,36304,25750
2021-06-30,Jordyn,2021-06-30_RNAi-36304.25750-3_group1,26,NA,2021-06-30_RNAi-36304.25750-3_group1_26,129.776,24847.970729621247,2021-06-30,group1,26,3,36304,25750
2021-06-30,Jordyn,2021-06-30_RNAi-36304.25750-3_group1,27,NA,2021-06-30_RNAi-36304.25750-3_group1_27,113.482,21037.570474897377,2021-06-30,group1,27,3,36304,25750
2021-06-30,Jordyn,2021-06-30_RNAi-36304.25750-3_group1,28,NA,2021-06-30_RNAi-36304.25750-3_group1_28,103.83,17658.70881035845,2021-06-30,group1,28,3,36304,25750
2021-06-30,Jordyn,2021-06-30_RNAi-36304.25750-3_group1,29,NA,2021-06-30_RNAi-36304.25750-3_group1_29,137.057,21223.535309515988,2021-06-30,group1,29,3,36304,25750
2021-07-01,Jordyn,2021-07-01_RNAi-50656.25750-3_group1,20,NA,2021-07-01_RNAi-50656.25750-3_group1_20,34.573,12151.784151384283,2021-07-01,group1,20,3,50656,25750
2021-07-01,Jordyn,2021-07-01_RNAi-50656.25750-3_group1,21,NA,2021-07-01_RNAi-50656.25750-3_group1_21,1.074,2.0776411024095065,2021-07-01,group1,21,3,50656,25750
2021-07-01,Jordyn,2021-07-01_RNAi-50656.25750-3_group1,22,NA,2021-07-01_RNAi-50656.25750-3_group1_22,37.142,773.8318556546321,2021-07-01,group1,22,3,50656,25750
2021-07-01,Jordyn,2021-07-01_RNAi-50656.25750-3_group1,23,NA,2021-07-01_RNAi-50656.25750-3_group1_23,53.247,173.37918548490737,2021-07-01,group1,23,3,50656,25750
2021-07-01,Jordyn,2021-07-01_RNAi-50656.25750-3_group1,24,NA,2021-07-01_RNAi-50656.25750-3_group1_24,31.709,3081.912104928107,2021-07-01,group1,24,3,50656,25750
2021-07-01,Jordyn,2021-07-01_RNAi-50656.25750-3_group1,26,NA,2021-07-01_RNAi-50656.25750-3_group1_26,303.76,5955.374045441048,2021-07-01,group1,26,3,50656,25750
2021-07-01,Jordyn,2021-07-01_RNAi-50656.25750-3_group1,27,NA,2021-07-01_RNAi-50656.25750-3_group1_27,28.411,572.9431019318965,2021-07-01,group1,27,3,50656,25750
2021-07-01,Jordyn,2021-07-01_RNAi-50656.25750-3_group1,28,NA,2021-07-01_RNAi-50656.25750-3_group1_28,30.204,84.56893785526272,2021-07-01,group1,28,3,50656,25750
2021-07-01,Jordyn,2021-07-01_RNAi-50656.25750-3_group1,29,NA,2021-07-01_RNAi-50656.25750-3_group1_29,303.76,44502.93094238589,2021-07-01,group1,29,3,50656,25750
2021-07-01,Jordyn,2021-07-01_RNAi-50656.25750-3_group1,30,NA,2021-07-01_RNAi-50656.25750-3_group1_30,50.544,1854.3145604061185,2021-07-01,group1,30,3,50656,25750
2021-07-01,Jordyn,2021-07-01_RNAi-36303.3954-3_group1,20,NA,2021-07-01_RNAi-36303.3954-3_group1_20,171.769,15319.060728081355,2021-07-01,group1,20,3,36303,3954
2021-07-01,Jordyn,2021-07-01_RNAi-36303.3954-3_group1,21,NA,2021-07-01_RNAi-36303.3954-3_group1_21,144.228,18225.06392737316,2021-07-01,group1,21,3,36303,3954
2021-07-01,Jordyn,2021-07-01_RNAi-36303.3954-3_group1,22,NA,2021-07-01_RNAi-36303.3954-3_group1_22,115.302,2959.606625748364,2021-07-01,group1,22,3,36303,3954
2021-07-01,Jordyn,2021-07-01_RNAi-36303.3954-3_group1,23,NA,2021-07-01_RNAi-36303.3954-3_group1_23,160.448,20500.943194517924,2021-07-01,group1,23,3,36303,3954
2021-07-01,Jordyn,2021-07-01_RNAi-36303.3954-3_group1,24,NA,2021-07-01_RNAi-36303.3954-3_group1_24,131.879,19010.62261442012,2021-07-01,group1,24,3,36303,3954
2021-07-01,Jordyn,2021-07-01_RNAi-36303.3954-3_group1,26,NA,2021-07-01_RNAi-36303.3954-3_group1_26,77.255,18656.651933062807,2021-07-01,group1,26,3,36303,3954
2021-07-01,Jordyn,2021-07-01_RNAi-36303.3954-3_group1,27,NA,2021-07-01_RNAi-36303.3954-3_group1_27,104.204,18332.704205331265,2021-07-01,group1,27,3,36303,3954
2021-07-01,Jordyn,2021-07-01_RNAi-36303.3954-3_group1,28,NA,2021-07-01_RNAi-36303.3954-3_group1_28,107.596,19422.503985790434,2021-07-01,group1,28,3,36303,3954
2021-07-01,Jordyn,2021-07-01_RNAi-36303.3954-3_group1,29,NA,2021-07-01_RNAi-36303.3954-3_group1_29,143.748,22982.839834842565,2021-07-01,group1,29,3,36303,3954
2021-07-01,Jordyn,2021-07-01_RNAi-36303.3954-3_group1,30,NA,2021-07-01_RNAi-36303.3954-3_group1_30,131.879,24959.6396295045,2021-07-01,group1,30,3,36303,3954
2021-07-01,Jordyn,2021-07-01_RNAi-36304.3954-3_group1,20,NA,2021-07-01_RNAi-36304.3954-3_group1_20,131.379,12781.978186402042,2021-07-01,group1,20,3,36304,3954
2021-07-01,Jordyn,2021-07-01_RNAi-36304.3954-3_group1,21,NA,2021-07-01_RNAi-36304.3954-3_group1_21,111.593,16613.410933537605,2021-07-01,group1,21,3,36304,3954
2021-07-01,Jordyn,2021-07-01_RNAi-36304.3954-3_group1,22,NA,2021-07-01_RNAi-36304.3954-3_group1_22,77.913,15071.318651459253,2021-07-01,group1,22,3,36304,3954
2021-07-01,Jordyn,2021-07-01_RNAi-36304.3954-3_group1,23,NA,2021-07-01_RNAi-36304.3954-3_group1_23,128.772,16332.692279070556,2021-07-01,group1,23,3,36304,3954
2021-07-01,Jordyn,2021-07-01_RNAi-36304.3954-3_group1,24,NA,2021-07-01_RNAi-36304.3954-3_group1_24,95.128,17472.259162678245,2021-07-01,group1,24,3,36304,3954
2021-07-01,Jordyn,2021-07-01_RNAi-36304.3954-3_group1,26,NA,2021-07-01_RNAi-36304.3954-3_group1_26,103.046,17674.509549410992,2021-07-01,group1,26,3,36304,3954
2021-07-01,Jordyn,2021-07-01_RNAi-36304.3954-3_group1,27,NA,2021-07-01_RNAi-36304.3954-3_group1_27,90.188,16981.577497280025,2021-07-01,group1,27,3,36304,3954
2021-07-01,Jordyn,2021-07-01_RNAi-36304.3954-3_group1,28,NA,2021-07-01_RNAi-36304.3954-3_group1_28,86.945,12744.959721136907,2021-07-01,group1,28,3,36304,3954
2021-07-01,Jordyn,2021-07-01_RNAi-36304.3954-3_group1,29,NA,2021-07-01_RNAi-36304.3954-3_group1_29,153.223,14713.866000175105,2021-07-01,group1,29,3,36304,3954
2021-07-01,Jordyn,2021-07-01_RNAi-36304.3954-3_group1,30,NA,2021-07-01_RNAi-36304.3954-3_group1_30,107.405,18587.05417297328,2021-07-01,group1,30,3,36304,3954
2021-07-01,Jordyn,2021-07-01_RNAi-35027.3954-3_group1,20,NA,2021-07-01_RNAi-35027.3954-3_group1_20,104.197,18924.94757587884,2021-07-01,group1,20,3,35027,3954
2021-07-01,Jordyn,2021-07-01_RNAi-35027.3954-3_group1,21,NA,2021-07-01_RNAi-35027.3954-3_group1_21,90.176,20734.3206444591,2021-07-01,group1,21,3,35027,3954
2021-07-01,Jordyn,2021-07-01_RNAi-35027.3954-3_group1,22,NA,2021-07-01_RNAi-35027.3954-3_group1_22,161.183,5970.706724754845,2021-07-01,group1,22,3,35027,3954
2021-07-01,Jordyn,2021-07-01_RNAi-35027.3954-3_group1,23,NA,2021-07-01_RNAi-35027.3954-3_group1_23,77.429,18406.131102400588,2021-07-01,group1,23,3,35027,3954
2021-07-01,Jordyn,2021-07-01_RNAi-35027.3954-3_group1,24,NA,2021-07-01_RNAi-35027.3954-3_group1_24,127.363,17650.213017189613,2021-07-01,group1,24,3,35027,3954
2021-07-01,Jordyn,2021-07-01_RNAi-35027.3954-3_group1,26,NA,2021-07-01_RNAi-35027.3954-3_group1_26,83.373,12710.995436375324,2021-07-01,group1,26,3,35027,3954
2021-07-01,Jordyn,2021-07-01_RNAi-35027.3954-3_group1,27,NA,2021-07-01_RNAi-35027.3954-3_group1_27,131.206,9093.92029202725,2021-07-01,group1,27,3,35027,3954
2021-07-01,Jordyn,2021-07-01_RNAi-35027.3954-3_group1,28,NA,2021-07-01_RNAi-35027.3954-3_group1_28,159.55,16884.586149989333,2021-07-01,group1,28,3,35027,3954
2021-07-01,Jordyn,2021-07-01_RNAi-35027.3954-3_group1,29,NA,2021-07-01_RNAi-35027.3954-3_group1_29,112.551,8950.124766768411,2021-07-01,group1,29,3,35027,3954
2021-07-01,Jordyn,2021-07-01_RNAi-35027.3954-3_group1,30,NA,2021-07-01_RNAi-35027.3954-3_group1_30,138.31,11327.048125190719,2021-07-01,group1,30,3,35027,3954
2021-07-01,Jordyn,2021-07-01_RNAi-51411.3954-3_group1,20,NA,2021-07-01_RNAi-51411.3954-3_group1_20,163.639,14656.448404827745,2021-07-01,group1,20,3,51411,3954
2021-07-01,Jordyn,2021-07-01_RNAi-51411.3954-3_group1,21,NA,2021-07-01_RNAi-51411.3954-3_group1_21,60.063,13087.117629509161,2021-07-01,group1,21,3,51411,3954
2021-07-01,Jordyn,2021-07-01_RNAi-51411.3954-3_group1,22,NA,2021-07-01_RNAi-51411.3954-3_group1_22,167.584,13317.405443270489,2021-07-01,group1,22,3,51411,3954
2021-07-01,Jordyn,2021-07-01_RNAi-51411.3954-3_group1,23,NA,2021-07-01_RNAi-51411.3954-3_group1_23,124.202,22687.734007018087,2021-07-01,group1,23,3,51411,3954
2021-07-01,Jordyn,2021-07-01_RNAi-51411.3954-3_group1,24,NA,2021-07-01_RNAi-51411.3954-3_group1_24,131.734,8969.507654480023,2021-07-01,group1,24,3,51411,3954
2021-07-01,Jordyn,2021-07-01_RNAi-51411.3954-3_group1,26,NA,2021-07-01_RNAi-51411.3954-3_group1_26,101.602,16761.45102067996,2021-07-01,group1,26,3,51411,3954
2021-07-01,Jordyn,2021-07-01_RNAi-51411.3954-3_group1,27,NA,2021-07-01_RNAi-51411.3954-3_group1_27,117.053,13665.159164261,2021-07-01,group1,27,3,51411,3954
2021-07-01,Jordyn,2021-07-01_RNAi-51411.3954-3_group1,28,NA,2021-07-01_RNAi-51411.3954-3_group1_28,111.479,19452.6179614434,2021-07-01,group1,28,3,51411,3954
2021-07-01,Jordyn,2021-07-01_RNAi-51411.3954-3_group1,29,NA,2021-07-01_RNAi-51411.3954-3_group1_29,65.625,63.52738223431145,2021-07-01,group1,29,3,51411,3954
2021-07-01,Jordyn,2021-07-01_RNAi-51411.3954-3_group1,30,NA,2021-07-01_RNAi-51411.3954-3_group1_30,134.602,21810.706846362093,2021-07-01,group1,30,3,51411,3954
2021-07-02,Jordyn,2021-07-02_RNAi-36304.25750-3_group2,24,NA,2021-07-02_RNAi-36304.25750-3_group2_24,72.121,15454.445570912048,2021-07-02,group2,24,3,36304,25750
2021-07-02,Jordyn,2021-07-02_RNAi-36304.25750-3_group2,26,NA,2021-07-02_RNAi-36304.25750-3_group2_26,71.006,13154.15748391126,2021-07-02,group2,26,3,36304,25750
2021-07-02,Jordyn,2021-07-02_RNAi-25750-3_group1,20,NA,2021-07-02_RNAi-25750-3_group1_20,117.894,6713.620068319455,2021-07-02,group1,20,3,25750,
2021-07-02,Jordyn,2021-07-02_RNAi-25750-3_group1,21,NA,2021-07-02_RNAi-25750-3_group1_21,108.398,6802.874328439725,2021-07-02,group1,21,3,25750,
2021-07-02,Jordyn,2021-07-02_RNAi-25750-3_group1,22,NA,2021-07-02_RNAi-25750-3_group1_22,129.583,16585.358537204258,2021-07-02,group1,22,3,25750,
2021-07-02,Jordyn,2021-07-02_RNAi-25750-3_group1,23,NA,2021-07-02_RNAi-25750-3_group1_23,97.209,19864.35641429728,2021-07-02,group1,23,3,25750,
2021-07-02,Jordyn,2021-07-02_RNAi-25750-3_group1,24,NA,2021-07-02_RNAi-25750-3_group1_24,107.21,7189.828972891862,2021-07-02,group1,24,3,25750,
2021-07-02,Jordyn,2021-07-02_RNAi-25750-3_group1,26,NA,2021-07-02_RNAi-25750-3_group1_26,98.941,4465.179161425653,2021-07-02,group1,26,3,25750,
2021-07-02,Jordyn,2021-07-02_RNAi-25750-3_group1,27,NA,2021-07-02_RNAi-25750-3_group1_27,84.33,14581.053945902193,2021-07-02,group1,27,3,25750,
2021-07-02,Jordyn,2021-07-02_RNAi-25750-3_group1,28,NA,2021-07-02_RNAi-25750-3_group1_28,77.351,13845.25502869819,2021-07-02,group1,28,3,25750,
2021-07-02,Jordyn,2021-07-02_RNAi-25750-3_group1,29,NA,2021-07-02_RNAi-25750-3_group1_29,117.894,12370.350720278802,2021-07-02,group1,29,3,25750,
2021-07-02,Jordyn,2021-07-02_RNAi-25750-3_group1,30,NA,2021-07-02_RNAi-25750-3_group1_30,91.253,15431.049700313062,2021-07-02,group1,30,3,25750,
2021-07-02,Jordyn,2021-07-02_RNAi-3954-3_group1,20,NA,2021-07-02_RNAi-3954-3_group1_20,198.616,0,2021-07-02,group1,20,3,3954,
2021-07-02,Jordyn,2021-07-02_RNAi-3954-3_group1,21,NA,2021-07-02_RNAi-3954-3_group1_21,145.28,0,2021-07-02,group1,21,3,3954,
2021-07-02,Jordyn,2021-07-02_RNAi-3954-3_group1,22,NA,2021-07-02_RNAi-3954-3_group1_22,175.824,0,2021-07-02,group1,22,3,3954,
2021-07-02,Jordyn,2021-07-02_RNAi-3954-3_group1,23,NA,2021-07-02_RNAi-3954-3_group1_23,130.656,0,2021-07-02,group1,23,3,3954,
2021-07-02,Jordyn,2021-07-02_RNAi-3954-3_group1,24,NA,2021-07-02_RNAi-3954-3_group1_24,140.038,0,2021-07-02,group1,24,3,3954,
2021-07-02,Jordyn,2021-07-02_RNAi-3954-3_group1,26,NA,2021-07-02_RNAi-3954-3_group1_26,397.666,0,2021-07-02,group1,26,3,3954,
2021-07-02,Jordyn,2021-07-02_RNAi-3954-3_group1,27,NA,2021-07-02_RNAi-3954-3_group1_27,106.246,0,2021-07-02,group1,27,3,3954,
2021-07-02,Jordyn,2021-07-02_RNAi-3954-3_group1,28,NA,2021-07-02_RNAi-3954-3_group1_28,146.119,0,2021-07-02,group1,28,3,3954,
2021-07-02,Jordyn,2021-07-02_RNAi-3954-3_group1,29,NA,2021-07-02_RNAi-3954-3_group1_29,119.699,0,2021-07-02,group1,29,3,3954,
2021-07-02,Jordyn,2021-07-02_RNAi-3954-3_group1,30,NA,2021-07-02_RNAi-3954-3_group1_30,117.485,0,2021-07-02,group1,30,3,3954,
